floor_x ,floor_y ,floor_z ,floor_qx ,floor_qy ,floor_qz ,floor_qw ,robot_x ,robot_y ,robot_z ,robot_qx ,robot_qy ,robot_qz ,robot_qw ,est_rb_x ,est_rb_y ,est_rb_z ,est_rb_qx ,est_rb_qy ,est_rb_qz ,est_rb_qw ,est_rb-floor_x ,est_rb-floor_y ,est_rb-floor_z ,est_rb-floor_roll ,est_rb-floor_pitch ,est_rb-floor_yaw
0.0 ,-1.0 ,0.0 ,0.0 ,0.0 ,0.0 ,1.0 ,0.061450887 ,1.1607035 ,-0.18888687 ,-0.0012915843 ,0.0010462536 ,0.0066730683 ,0.99997634 ,-2.9166696002835835e-09 ,-1.0000000040351655 ,-1.1671891370079734e-08 ,0.9997627362060368 ,-0.008562612126141943 ,0.0033345757871108737 ,0.01974926762478593 ,-2.9166696002835835e-09 ,-4.035165535043461e-09 ,-1.1671891370079734e-08 ,3.10214940091 ,-0.00700583717257 ,-0.0169906846181
1.0 ,1.0 ,0.0 ,0.0 ,0.0 ,0.70710677 ,0.70710677 ,1.1187631 ,-0.9526982 ,-0.26232135 ,-0.0029972973 ,0.0043070638 ,-0.69800705 ,0.71607167 ,0.9999999022075963 ,0.9999999948038676 ,-1.1655997111947869e-08 ,0.7172131130875322 ,0.6965923642996737 ,-0.0070398918893230375 ,0.017744529773097383 ,-9.779240373042342e-08 ,-5.196132413232135e-09 ,-1.1655997111947869e-08 ,3.12593717219 ,0.034826653208 ,-0.0294411389601
-1.0 ,1.0 ,0.0 ,-0.0 ,0.0 ,1.0 ,-4.371139e-08 ,-0.8860509 ,-0.88226336 ,-0.2685564 ,0.0046995045 ,0.0017836505 ,0.9999668 ,0.00641469 ,-0.9999999694091442 ,0.9999999887967956 ,-1.1502005486940803e-08 ,-0.004589288998453907 ,0.9997611302269259 ,-0.020276410056144535 ,0.006744487312122083 ,3.0590855848444676e-08 ,-1.1203204364207409e-08 ,-1.1502005486940803e-08 ,-3.10097285461 ,0.0133000360106 ,0.00945078262163
